ISO,Country,Logistics performance index
AFG,Afghanistan,1.0
ALA,Aland Islands,
ALB,Albania,32.25621669626999
DZA,Algeria,22.93650088809946
ASM,American Samoa,
AND,Andorra,
AGO,Angola,5.264209591474227
AIA,Anguilla,
ATA,Antarctica,
ATG,Antigua and Barbuda,
ARG,Argentina,42.235346358792185
ARM,Armenia,29.970248667850797
ABW,Aruba,
AUS,Australia,80.21758436944937
AUT,Austria,92.30683836589698
AZE,Azerbaijan,22.93650088809946
BHS,Bahamas,26.321492007104794
BHR,Bahrain,44.3454706927176
BGD,Bangladesh,28.60746003552397
BRB,Barbados,
BLR,Belarus,28.519538188277096
BEL,Belgium,92.87833037300176
BLZ,Belize,
BEN,Benin,36.2126998223801
BMU,Bermuda,
BTN,Bhutan,10.671403197158085
BOL,Bolivia,18.980017761989345
BES,"Bonaire, Saint Eustatius and Saba",
BIH,Bosnia and Herzegovina,38.80639431616342
BWA,Botswana,49.18117229129662
BVT,Bouvet Island,
BRA,Brazil,46.58747779751333
IOT,British Indian Ocean Territory,
VGB,British Virgin Islands,
BRN,Brunei Darussalam,34.32238010657193
BGR,Bulgaria,48.6976021314387
BFA,Burkina Faso,30.54174067495559
BDI,Burundi,6.055506216696273
CPV,Cabo Verde,
KHM,Cambodia,28.695381882770874
CMR,Cameroon,29.442717584369447
CAN,Canada,79.16252220248667
CYM,Cayman Islands,
CAF,Central African Republic,9.74822380106572
TCD,Chad,21.573712255772634
CHL,Chile,61.138543516873895
CHN,China,73.79928952042629
CXR,Christmas Island,
CCK,Cocos (Keeling) Islands,
COL,Colombia,44.65319715808171
COM,Comoros,27.72824156305505
COG,Congo Republic,24.60701598579041
COK,Cook Islands,
CRI,Costa Rica,38.05905861456482
CIV,Cote d'Ivoire,50.80772646536413
HRV,Croatia,51.77486678507994
CUB,Cuba,11.902309058614563
CUW,Curacao,
CYP,Cyprus,53.84103019538186
CZE,Czech Republic,77.09635879218474
DNK,Denmark,90.81216696269983
DJI,Djibouti,31.15719360568383
DMA,Dominica,
DOM,Dominican Republic,32.34413854351686
COD,DR Congo,22.05728241563054
ECU,Ecuador,42.01554174067496
EGY,Egypt,39.50976909413855
SLV,El Salvador,28.563499111900526
GNQ,Equatorial Guinea,17.221580817051503
ERI,Eritrea,7.066607460035527
EST,Estonia,60.918738898756644
SWZ,Eswatini,
ETH,Ethiopia,19.815275310834807
FRO,Faeroe Islands,
FLK,Falkland Islands,
FJI,Fiji,18.716252220248663
FIN,Finland,89.80106571936055
FRA,France,84.30595026642983
GUF,French Guiana,
PYF,French Polynesia,
ATF,French Southern Territories,
GAB,Gabon,10.363676731793959
GMB,Gambia,20.870337477797506
GEO,Georgia,22.716696269982236
DEU,Germany,99.99999999999999
GHA,Ghana,28.07992895204262
GIB,Gibraltar,
GRC,Greece,56.214920071047956
GRL,Greenland,
GRD,Grenada,
GLP,Guadeloupe,
GUM,Guam,
GTM,Guatemala,21.48579040852576
GGY,Guernsey,
GIN,Guinea,12.078152753108341
GNB,Guinea-Bissau,20.254884547069267
GUY,Guyana,18.980017761989345
HTI,Haiti,8.165630550621671
HMD,Heard and McDonald Islands,
HND,Honduras,29.794404973357018
HKG,Hong Kong,
HUN,Hungary,65.62255772646536
ISL,Iceland,57.09413854351688
IND,India,54.98401420959148
IDN,Indonesia,53.797069271758446
IRN,Iran,40.74067495559504
IRQ,Iraq,10.979129662522212
IRL,Ireland,69.62300177619893
IMN,Isle of Man,
ISR,Israel,60.742895204262865
ITA,Italy,79.69005328596803
JAM,Jamaica,26.057726465364127
JPN,Japan,92.30683836589698
JEY,Jersey,
JOR,Jordan,33.487122557726465
KAZ,Kazakhstan,38.85035523978685
KEN,Kenya,39.07015985790409
KIR,Kiribati,
XKX,Kosovo,
KWT,Kuwait,41.0923623445826
KGZ,Kyrgyz Republic,27.244671403197145
LAO,Laos,34.014653641207815
LVA,Latvia,38.85035523978685
LBN,Lebanon,34.7619893428064
LSO,Lesotho,15.419182948490231
LBR,Liberia,13.309058614564833
LBY,Libya,7.901865008880989
LIE,Liechtenstein,
LTU,Lithuania,47.994227353463586
LUX,Luxembourg,74.89831261101243
MAC,Macao,
MKD,Macedonia,34.23445825932504
MDG,Madagascar,20.342806394316156
MWI,Malawi,29.003108348134987
MYS,Malaysia,56.9182948490231
MDV,Maldives,32.47602131438721
MLI,Mali,29.178952042628765
MLT,Malta,39.02619893428064
MHL,Marshall Islands,
MTQ,Martinique,
MRT,Mauritania,17.793072824156297
MUS,Mauritius,35.46536412078153
MYT,Mayotte,
MEX,Mexico,49.444937833037315
FSM,"Micronesia, Fed. Sts.",
MDA,Moldova,23.28818827708703
MCO,Monaco,
MNG,Mongolia,19.639431616341042
MNE,Montenegro,36.036856127886324
MSR,Montserrat,
MAR,Morocco,26.980905861456478
MOZ,Mozambique,33.31127886323269
MMR,Myanmar,16.342362344582597
NAM,Namibia,35.99289520426288
NRU,Nauru,
NPL,Nepal,25.793960923623445
NLD,Netherlands,91.99911190053287
NCL,New Caledonia,
NZL,New Zealand,85.71269982238012
NIC,Nicaragua,26.585257548845476
NER,Niger,6.319271758436926
NGA,Nigeria,26.62921847246892
NIU,Niue,
NFK,Norfolk Island,
PRK,North Korea,
MNP,Northern Mariana Islands,
NOR,Norway,77.8436944937833
OMN,Oman,55.8632326820604
PAK,Pakistan,21.661634103019537
PLW,Palau,
PSE,Palestine,
PAN,Panama,59.33614564831261
PNG,Papua New Guinea,10.891207815275308
PRY,Paraguay,37.61944937833037
PER,Peru,33.70692717584369
PHL,Philippines,42.98268206039076
PCN,Pitcairn,
POL,Poland,70.9418294849023
PRT,Portugal,75.46980461811721
PRI,Puerto Rico,
QAT,Qatar,68.0404085257549
REU,Reunion,
ROU,Romania,52.434280639431634
RUS,Russia,36.52042628774423
RWA,Rwanda,46.10390763765541
MAF,Saint-Martin,
WSM,Samoa,
SMR,San Marino,
STP,Sao Tome and Principe,31.94849023090586
SAU,Saudi Arabia,47.686500888099474
SEN,Senegal,14.320159857904073
SRB,Serbia,40.213143872113676
SYC,Seychelles,
SLE,Sierra Leone,6.670959147424497
SGP,Singapore,90.98801065719361
SXM,Sint Maarten,
SVK,Slovakia,48.389875666074616
SVN,Slovenia,61.050621669627006
SLB,Solomon Islands,28.343694493783303
SOM,Somalia,12.429840142095912
ZAF,South Africa,63.732238010657184
SGS,South Georgia and South Sandwich Is.,
KOR,South Korea,74.10701598579043
SSD,South Sudan,
ESP,Spain,83.73445825932505
LKA,Sri Lanka,29.530639431616336
BLM,St. Barths,
SHN,St. Helena,
KNA,St. Kitts and Nevis,
LCA,St. Lucia,
SPM,St. Pierre and Miquelon,
VCT,St. Vincent and the Grenadines,
SDN,Sudan,22.05728241563054
SUR,Suriname,
SJM,Svalbard and Jan Mayen Islands,
SWE,Sweden,93.49378330373001
CHE,Switzerland,86.81172291296623
SYR,Syria,16.254440497335693
TWN,Taiwan,
TJK,Tajikistan,18.188721136767313
TZA,Tanzania,46.76332149200711
THA,Thailand,65.2708703374778
TLS,Timor-Leste,
TGO,Togo,22.892539964476015
TKL,Tokelau,
TON,Tonga,
TTO,Trinidad and Tobago,21.52975133214919
TUN,Tunisia,28.299733570159844
TUR,Turkey,53.62122557726464
TKM,Turkmenistan,21.26598579040852
TCA,Turks and Caicos Islands,
TUV,Tuvalu,
UGA,Uganda,28.519538188277096
UKR,Ukraine,39.72957371225577
ARE,United Arab Emirates,89.22957371225577
GBR,United Kingdom,90.59236234458261
USA,United States,86.10834813499112
UMI,United States Minor Outlying Islands,
VIR,United States Virgin Islands,
URY,Uruguay,33.35523978685613
UZB,Uzbekistan,28.60746003552397
VUT,Vanuatu,
VAT,Vatican,
VEN,Venezuela,13.309058614564833
VNM,Vietnam,59.24822380106572
WLF,Wallis and Futuna Islands,
ESH,Western Sahara,
YEM,Yemen,14.891651865008882
ZMB,Zambia,26.365452930728225
ZWE,Zimbabwe,8.517317939609242
