ISO,Year,Value,Description,Country,Source,URL,DownloadDate,Variable,From
ARB,2014,9219.516153,Level of water stress: freshwater withdrawal as a proportion of available freshwater resources,Arab World,"Food and Agriculture Organization, AQUASTAT data.",https://api.worldbank.org/v2/country/all/indicator/?indicator=ER.H2O.FWST.ZS,2020-11-23,EW2,WB API
CSS,2014,215.918511,Level of water stress: freshwater withdrawal as a proportion of available freshwater resources,Caribbean small states,"Food and Agriculture Organization, AQUASTAT data.",https://api.worldbank.org/v2/country/all/indicator/?indicator=ER.H2O.FWST.ZS,2020-11-23,EW2,WB API
CEB,2014,152.295304,Level of water stress: freshwater withdrawal as a proportion of available freshwater resources,Central Europe and the Baltics,"Food and Agriculture Organization, AQUASTAT data.",https://api.worldbank.org/v2/country/all/indicator/?indicator=ER.H2O.FWST.ZS,2020-11-23,EW2,WB API
EAR,2014,4351.682479,Level of water stress: freshwater withdrawal as a proportion of available freshwater resources,Early-demographic dividend,"Food and Agriculture Organization, AQUASTAT data.",https://api.worldbank.org/v2/country/all/indicator/?indicator=ER.H2O.FWST.ZS,2020-11-23,EW2,WB API
EAP,2014,136.709929,Level of water stress: freshwater withdrawal as a proportion of available freshwater resources,East Asia & Pacific (excluding high income),"Food and Agriculture Organization, AQUASTAT data.",https://api.worldbank.org/v2/country/all/indicator/?indicator=ER.H2O.FWST.ZS,2020-11-23,EW2,WB API
EMU,2014,413.5471,Level of water stress: freshwater withdrawal as a proportion of available freshwater resources,Euro area,"Food and Agriculture Organization, AQUASTAT data.",https://api.worldbank.org/v2/country/all/indicator/?indicator=ER.H2O.FWST.ZS,2020-11-23,EW2,WB API
ECS,2014,1179.000766,Level of water stress: freshwater withdrawal as a proportion of available freshwater resources,Europe & Central Asia,"Food and Agriculture Organization, AQUASTAT data.",https://api.worldbank.org/v2/country/all/indicator/?indicator=ER.H2O.FWST.ZS,2020-11-23,EW2,WB API
ECA,2014,689.317983,Level of water stress: freshwater withdrawal as a proportion of available freshwater resources,Europe & Central Asia (excluding high income),"Food and Agriculture Organization, AQUASTAT data.",https://api.worldbank.org/v2/country/all/indicator/?indicator=ER.H2O.FWST.ZS,2020-11-23,EW2,WB API
TEC,2014,733.182333,Level of water stress: freshwater withdrawal as a proportion of available freshwater resources,Europe & Central Asia (IDA & IBRD countries),"Food and Agriculture Organization, AQUASTAT data.",https://api.worldbank.org/v2/country/all/indicator/?indicator=ER.H2O.FWST.ZS,2020-11-23,EW2,WB API
EUU,2014,553.853237,Level of water stress: freshwater withdrawal as a proportion of available freshwater resources,European Union,"Food and Agriculture Organization, AQUASTAT data.",https://api.worldbank.org/v2/country/all/indicator/?indicator=ER.H2O.FWST.ZS,2020-11-23,EW2,WB API
FCS,2014,1860.635316,Level of water stress: freshwater withdrawal as a proportion of available freshwater resources,Fragile and conflict affected situations,"Food and Agriculture Organization, AQUASTAT data.",https://api.worldbank.org/v2/country/all/indicator/?indicator=ER.H2O.FWST.ZS,2020-11-23,EW2,WB API
HPC,2014,301.059911,Level of water stress: freshwater withdrawal as a proportion of available freshwater resources,Heavily indebted poor countries (HIPC),"Food and Agriculture Organization, AQUASTAT data.",https://api.worldbank.org/v2/country/all/indicator/?indicator=ER.H2O.FWST.ZS,2020-11-23,EW2,WB API
IBD,2014,2759.947376,Level of water stress: freshwater withdrawal as a proportion of available freshwater resources,IBRD only,"Food and Agriculture Organization, AQUASTAT data.",https://api.worldbank.org/v2/country/all/indicator/?indicator=ER.H2O.FWST.ZS,2020-11-23,EW2,WB API
IBT,2014,3907.869511,Level of water stress: freshwater withdrawal as a proportion of available freshwater resources,IDA & IBRD total,"Food and Agriculture Organization, AQUASTAT data.",https://api.worldbank.org/v2/country/all/indicator/?indicator=ER.H2O.FWST.ZS,2020-11-23,EW2,WB API
IDB,2014,352.53285,Level of water stress: freshwater withdrawal as a proportion of available freshwater resources,IDA blend,"Food and Agriculture Organization, AQUASTAT data.",https://api.worldbank.org/v2/country/all/indicator/?indicator=ER.H2O.FWST.ZS,2020-11-23,EW2,WB API
IDX,2014,795.389285,Level of water stress: freshwater withdrawal as a proportion of available freshwater resources,IDA only,"Food and Agriculture Organization, AQUASTAT data.",https://api.worldbank.org/v2/country/all/indicator/?indicator=ER.H2O.FWST.ZS,2020-11-23,EW2,WB API
IDA,2014,1147.922135,Level of water stress: freshwater withdrawal as a proportion of available freshwater resources,IDA total,"Food and Agriculture Organization, AQUASTAT data.",https://api.worldbank.org/v2/country/all/indicator/?indicator=ER.H2O.FWST.ZS,2020-11-23,EW2,WB API
LTE,2014,6274.579136,Level of water stress: freshwater withdrawal as a proportion of available freshwater resources,Late-demographic dividend,"Food and Agriculture Organization, AQUASTAT data.",https://api.worldbank.org/v2/country/all/indicator/?indicator=ER.H2O.FWST.ZS,2020-11-23,EW2,WB API
LCN,2014,396.121661,Level of water stress: freshwater withdrawal as a proportion of available freshwater resources,Latin America & Caribbean,"Food and Agriculture Organization, AQUASTAT data.",https://api.worldbank.org/v2/country/all/indicator/?indicator=ER.H2O.FWST.ZS,2020-11-23,EW2,WB API
LAC,2014,205.233917,Level of water stress: freshwater withdrawal as a proportion of available freshwater resources,Latin America & Caribbean (excluding high income),"Food and Agriculture Organization, AQUASTAT data.",https://api.worldbank.org/v2/country/all/indicator/?indicator=ER.H2O.FWST.ZS,2020-11-23,EW2,WB API
TLA,2014,261.723412,Level of water stress: freshwater withdrawal as a proportion of available freshwater resources,Latin America & the Caribbean (IDA & IBRD countries),"Food and Agriculture Organization, AQUASTAT data.",https://api.worldbank.org/v2/country/all/indicator/?indicator=ER.H2O.FWST.ZS,2020-11-23,EW2,WB API
LDC,2014,559.747814,Level of water stress: freshwater withdrawal as a proportion of available freshwater resources,Least developed countries: UN classification,"Food and Agriculture Organization, AQUASTAT data.",https://api.worldbank.org/v2/country/all/indicator/?indicator=ER.H2O.FWST.ZS,2020-11-23,EW2,WB API
LMY,2014,3845.840536,Level of water stress: freshwater withdrawal as a proportion of available freshwater resources,Low & middle income,"Food and Agriculture Organization, AQUASTAT data.",https://api.worldbank.org/v2/country/all/indicator/?indicator=ER.H2O.FWST.ZS,2020-11-23,EW2,WB API
MEA,2014,9323.289774,Level of water stress: freshwater withdrawal as a proportion of available freshwater resources,Middle East & North Africa,"Food and Agriculture Organization, AQUASTAT data.",https://api.worldbank.org/v2/country/all/indicator/?indicator=ER.H2O.FWST.ZS,2020-11-23,EW2,WB API
MNA,2014,2191.358967,Level of water stress: freshwater withdrawal as a proportion of available freshwater resources,Middle East & North Africa (excluding high income),"Food and Agriculture Organization, AQUASTAT data.",https://api.worldbank.org/v2/country/all/indicator/?indicator=ER.H2O.FWST.ZS,2020-11-23,EW2,WB API
TMN,2014,2142.613447,Level of water stress: freshwater withdrawal as a proportion of available freshwater resources,Middle East & North Africa (IDA & IBRD countries),"Food and Agriculture Organization, AQUASTAT data.",https://api.worldbank.org/v2/country/all/indicator/?indicator=ER.H2O.FWST.ZS,2020-11-23,EW2,WB API
MIC,2014,3165.310275,Level of water stress: freshwater withdrawal as a proportion of available freshwater resources,Middle income,"Food and Agriculture Organization, AQUASTAT data.",https://api.worldbank.org/v2/country/all/indicator/?indicator=ER.H2O.FWST.ZS,2020-11-23,EW2,WB API
NAC,2014,29.057984,Level of water stress: freshwater withdrawal as a proportion of available freshwater resources,North America,"Food and Agriculture Organization, AQUASTAT data.",https://api.worldbank.org/v2/country/all/indicator/?indicator=ER.H2O.FWST.ZS,2020-11-23,EW2,WB API
OED,2014,733.192545,Level of water stress: freshwater withdrawal as a proportion of available freshwater resources,OECD members,"Food and Agriculture Organization, AQUASTAT data.",https://api.worldbank.org/v2/country/all/indicator/?indicator=ER.H2O.FWST.ZS,2020-11-23,EW2,WB API
OSS,2014,902.535427,Level of water stress: freshwater withdrawal as a proportion of available freshwater resources,Other small states,"Food and Agriculture Organization, AQUASTAT data.",https://api.worldbank.org/v2/country/all/indicator/?indicator=ER.H2O.FWST.ZS,2020-11-23,EW2,WB API
PST,2014,755.657596,Level of water stress: freshwater withdrawal as a proportion of available freshwater resources,Post-demographic dividend,"Food and Agriculture Organization, AQUASTAT data.",https://api.worldbank.org/v2/country/all/indicator/?indicator=ER.H2O.FWST.ZS,2020-11-23,EW2,WB API
PRE,2014,393.475628,Level of water stress: freshwater withdrawal as a proportion of available freshwater resources,Pre-demographic dividend,"Food and Agriculture Organization, AQUASTAT data.",https://api.worldbank.org/v2/country/all/indicator/?indicator=ER.H2O.FWST.ZS,2020-11-23,EW2,WB API
SST,2014,1118.904056,Level of water stress: freshwater withdrawal as a proportion of available freshwater resources,Small states,"Food and Agriculture Organization, AQUASTAT data.",https://api.worldbank.org/v2/country/all/indicator/?indicator=ER.H2O.FWST.ZS,2020-11-23,EW2,WB API
SAS,2014,250.653066,Level of water stress: freshwater withdrawal as a proportion of available freshwater resources,South Asia,"Food and Agriculture Organization, AQUASTAT data.",https://api.worldbank.org/v2/country/all/indicator/?indicator=ER.H2O.FWST.ZS,2020-11-23,EW2,WB API
TSA,2014,250.653066,Level of water stress: freshwater withdrawal as a proportion of available freshwater resources,South Asia (IDA & IBRD),"Food and Agriculture Organization, AQUASTAT data.",https://api.worldbank.org/v2/country/all/indicator/?indicator=ER.H2O.FWST.ZS,2020-11-23,EW2,WB API
SSF,2014,398.920727,Level of water stress: freshwater withdrawal as a proportion of available freshwater resources,Sub-Saharan Africa,"Food and Agriculture Organization, AQUASTAT data.",https://api.worldbank.org/v2/country/all/indicator/?indicator=ER.H2O.FWST.ZS,2020-11-23,EW2,WB API
SSA,2014,372.566674,Level of water stress: freshwater withdrawal as a proportion of available freshwater resources,Sub-Saharan Africa (excluding high income),"Food and Agriculture Organization, AQUASTAT data.",https://api.worldbank.org/v2/country/all/indicator/?indicator=ER.H2O.FWST.ZS,2020-11-23,EW2,WB API
TSS,2014,398.920727,Level of water stress: freshwater withdrawal as a proportion of available freshwater resources,Sub-Saharan Africa (IDA & IBRD countries),"Food and Agriculture Organization, AQUASTAT data.",https://api.worldbank.org/v2/country/all/indicator/?indicator=ER.H2O.FWST.ZS,2020-11-23,EW2,WB API
WLD,2014,11841.344872,Level of water stress: freshwater withdrawal as a proportion of available freshwater resources,World,"Food and Agriculture Organization, AQUASTAT data.",https://api.worldbank.org/v2/country/all/indicator/?indicator=ER.H2O.FWST.ZS,2020-11-23,EW2,WB API
AFG,2014,43.670393,Level of water stress: freshwater withdrawal as a proportion of available freshwater resources,Afghanistan,"Food and Agriculture Organization, AQUASTAT data.",https://api.worldbank.org/v2/country/all/indicator/?indicator=ER.H2O.FWST.ZS,2020-11-23,EW2,WB API
ALB,2014,6.468265,Level of water stress: freshwater withdrawal as a proportion of available freshwater resources,Albania,"Food and Agriculture Organization, AQUASTAT data.",https://api.worldbank.org/v2/country/all/indicator/?indicator=ER.H2O.FWST.ZS,2020-11-23,EW2,WB API
DZA,2014,87.994446,Level of water stress: freshwater withdrawal as a proportion of available freshwater resources,Algeria,"Food and Agriculture Organization, AQUASTAT data.",https://api.worldbank.org/v2/country/all/indicator/?indicator=ER.H2O.FWST.ZS,2020-11-23,EW2,WB API
AND,2014,0.0,Level of water stress: freshwater withdrawal as a proportion of available freshwater resources,Andorra,"Food and Agriculture Organization, AQUASTAT data.",https://api.worldbank.org/v2/country/all/indicator/?indicator=ER.H2O.FWST.ZS,2020-11-23,EW2,WB API
AGO,2014,0.67913,Level of water stress: freshwater withdrawal as a proportion of available freshwater resources,Angola,"Food and Agriculture Organization, AQUASTAT data.",https://api.worldbank.org/v2/country/all/indicator/?indicator=ER.H2O.FWST.ZS,2020-11-23,EW2,WB API
ATG,2014,8.461538,Level of water stress: freshwater withdrawal as a proportion of available freshwater resources,Antigua and Barbuda,"Food and Agriculture Organization, AQUASTAT data.",https://api.worldbank.org/v2/country/all/indicator/?indicator=ER.H2O.FWST.ZS,2020-11-23,EW2,WB API
ARG,2014,6.643319,Level of water stress: freshwater withdrawal as a proportion of available freshwater resources,Argentina,"Food and Agriculture Organization, AQUASTAT data.",https://api.worldbank.org/v2/country/all/indicator/?indicator=ER.H2O.FWST.ZS,2020-11-23,EW2,WB API
ARM,2015,0.6601767,Level of water stress: freshwater withdrawal as a proportion of available freshwater resources,Armenia,"Food and Agriculture Organization, AQUASTAT data.",https://api.worldbank.org/v2/country/all/indicator/?indicator=ER.H2O.FWST.ZS,2020-11-23,EW2,WB API
ARM,2014,59.34,Level of water stress: freshwater withdrawal as a proportion of available freshwater resources,Armenia,"Food and Agriculture Organization, AQUASTAT data.",https://api.worldbank.org/v2/country/all/indicator/?indicator=ER.H2O.FWST.ZS,2020-11-23,EW2,WB API
AUS,2015,4.58062,Level of water stress: freshwater withdrawal as a proportion of available freshwater resources,Australia,"Food and Agriculture Organization, AQUASTAT data.",https://api.worldbank.org/v2/country/all/indicator/?indicator=ER.H2O.FWST.ZS,2020-11-23,EW2,WB API
AUS,2014,5.26,Level of water stress: freshwater withdrawal as a proportion of available freshwater resources,Australia,"Food and Agriculture Organization, AQUASTAT data.",https://api.worldbank.org/v2/country/all/indicator/?indicator=ER.H2O.FWST.ZS,2020-11-23,EW2,WB API
AUT,2014,7.622535,Level of water stress: freshwater withdrawal as a proportion of available freshwater resources,Austria,"Food and Agriculture Organization, AQUASTAT data.",https://api.worldbank.org/v2/country/all/indicator/?indicator=ER.H2O.FWST.ZS,2020-11-23,EW2,WB API
AZE,2014,53.126134,Level of water stress: freshwater withdrawal as a proportion of available freshwater resources,Azerbaijan,"Food and Agriculture Organization, AQUASTAT data.",https://api.worldbank.org/v2/country/all/indicator/?indicator=ER.H2O.FWST.ZS,2020-11-23,EW2,WB API
BHS,2014,0.0,Level of water stress: freshwater withdrawal as a proportion of available freshwater resources,"Bahamas, The","Food and Agriculture Organization, AQUASTAT data.",https://api.worldbank.org/v2/country/all/indicator/?indicator=ER.H2O.FWST.ZS,2020-11-23,EW2,WB API
BHR,2014,205.775862,Level of water stress: freshwater withdrawal as a proportion of available freshwater resources,Bahrain,"Food and Agriculture Organization, AQUASTAT data.",https://api.worldbank.org/v2/country/all/indicator/?indicator=ER.H2O.FWST.ZS,2020-11-23,EW2,WB API
BGD,2014,3.786324,Level of water stress: freshwater withdrawal as a proportion of available freshwater resources,Bangladesh,"Food and Agriculture Organization, AQUASTAT data.",https://api.worldbank.org/v2/country/all/indicator/?indicator=ER.H2O.FWST.ZS,2020-11-23,EW2,WB API
BRB,2014,87.5,Level of water stress: freshwater withdrawal as a proportion of available freshwater resources,Barbados,"Food and Agriculture Organization, AQUASTAT data.",https://api.worldbank.org/v2/country/all/indicator/?indicator=ER.H2O.FWST.ZS,2020-11-23,EW2,WB API
BLR,2014,4.543967,Level of water stress: freshwater withdrawal as a proportion of available freshwater resources,Belarus,"Food and Agriculture Organization, AQUASTAT data.",https://api.worldbank.org/v2/country/all/indicator/?indicator=ER.H2O.FWST.ZS,2020-11-23,EW2,WB API
BEL,2014,56.484946,Level of water stress: freshwater withdrawal as a proportion of available freshwater resources,Belgium,"Food and Agriculture Organization, AQUASTAT data.",https://api.worldbank.org/v2/country/all/indicator/?indicator=ER.H2O.FWST.ZS,2020-11-23,EW2,WB API
BLZ,2014,0.687203,Level of water stress: freshwater withdrawal as a proportion of available freshwater resources,Belize,"Food and Agriculture Organization, AQUASTAT data.",https://api.worldbank.org/v2/country/all/indicator/?indicator=ER.H2O.FWST.ZS,2020-11-23,EW2,WB API
BEN,2014,0.707898,Level of water stress: freshwater withdrawal as a proportion of available freshwater resources,Benin,"Food and Agriculture Organization, AQUASTAT data.",https://api.worldbank.org/v2/country/all/indicator/?indicator=ER.H2O.FWST.ZS,2020-11-23,EW2,WB API
BMU,2014,4.24,Level of water stress: freshwater withdrawal as a proportion of available freshwater resources,Bermuda,"Food and Agriculture Organization, AQUASTAT data.",https://api.worldbank.org/v2/country/all/indicator/?indicator=ER.H2O.FWST.ZS,2020-11-23,EW2,WB API
BTN,2014,0.562424,Level of water stress: freshwater withdrawal as a proportion of available freshwater resources,Bhutan,"Food and Agriculture Organization, AQUASTAT data.",https://api.worldbank.org/v2/country/all/indicator/?indicator=ER.H2O.FWST.ZS,2020-11-23,EW2,WB API
BOL,2014,0.526429,Level of water stress: freshwater withdrawal as a proportion of available freshwater resources,Bolivia,"Food and Agriculture Organization, AQUASTAT data.",https://api.worldbank.org/v2/country/all/indicator/?indicator=ER.H2O.FWST.ZS,2020-11-23,EW2,WB API
BIH,2014,1.434007,Level of water stress: freshwater withdrawal as a proportion of available freshwater resources,Bosnia and Herzegovina,"Food and Agriculture Organization, AQUASTAT data.",https://api.worldbank.org/v2/country/all/indicator/?indicator=ER.H2O.FWST.ZS,2020-11-23,EW2,WB API
BWA,2014,2.089327,Level of water stress: freshwater withdrawal as a proportion of available freshwater resources,Botswana,"Food and Agriculture Organization, AQUASTAT data.",https://api.worldbank.org/v2/country/all/indicator/?indicator=ER.H2O.FWST.ZS,2020-11-23,EW2,WB API
BRA,2014,1.323345,Level of water stress: freshwater withdrawal as a proportion of available freshwater resources,Brazil,"Food and Agriculture Organization, AQUASTAT data.",https://api.worldbank.org/v2/country/all/indicator/?indicator=ER.H2O.FWST.ZS,2020-11-23,EW2,WB API
BRN,2014,1.879623,Level of water stress: freshwater withdrawal as a proportion of available freshwater resources,Brunei Darussalam,"Food and Agriculture Organization, AQUASTAT data.",https://api.worldbank.org/v2/country/all/indicator/?indicator=ER.H2O.FWST.ZS,2020-11-23,EW2,WB API
BGR,2015,41.84814,Level of water stress: freshwater withdrawal as a proportion of available freshwater resources,Bulgaria,"Food and Agriculture Organization, AQUASTAT data.",https://api.worldbank.org/v2/country/all/indicator/?indicator=ER.H2O.FWST.ZS,2020-11-23,EW2,WB API
BGR,2014,40.65,Level of water stress: freshwater withdrawal as a proportion of available freshwater resources,Bulgaria,"Food and Agriculture Organization, AQUASTAT data.",https://api.worldbank.org/v2/country/all/indicator/?indicator=ER.H2O.FWST.ZS,2020-11-23,EW2,WB API
BFA,2014,9.492213,Level of water stress: freshwater withdrawal as a proportion of available freshwater resources,Burkina Faso,"Food and Agriculture Organization, AQUASTAT data.",https://api.worldbank.org/v2/country/all/indicator/?indicator=ER.H2O.FWST.ZS,2020-11-23,EW2,WB API
BDI,2014,3.088507,Level of water stress: freshwater withdrawal as a proportion of available freshwater resources,Burundi,"Food and Agriculture Organization, AQUASTAT data.",https://api.worldbank.org/v2/country/all/indicator/?indicator=ER.H2O.FWST.ZS,2020-11-23,EW2,WB API
CPV,2014,8.96651,Level of water stress: freshwater withdrawal as a proportion of available freshwater resources,Cabo Verde,"Food and Agriculture Organization, AQUASTAT data.",https://api.worldbank.org/v2/country/all/indicator/?indicator=ER.H2O.FWST.ZS,2020-11-23,EW2,WB API
KHM,2014,0.609493,Level of water stress: freshwater withdrawal as a proportion of available freshwater resources,Cambodia,"Food and Agriculture Organization, AQUASTAT data.",https://api.worldbank.org/v2/country/all/indicator/?indicator=ER.H2O.FWST.ZS,2020-11-23,EW2,WB API
CMR,2014,0.475612,Level of water stress: freshwater withdrawal as a proportion of available freshwater resources,Cameroon,"Food and Agriculture Organization, AQUASTAT data.",https://api.worldbank.org/v2/country/all/indicator/?indicator=ER.H2O.FWST.ZS,2020-11-23,EW2,WB API
CAN,2014,2.208498,Level of water stress: freshwater withdrawal as a proportion of available freshwater resources,Canada,"Food and Agriculture Organization, AQUASTAT data.",https://api.worldbank.org/v2/country/all/indicator/?indicator=ER.H2O.FWST.ZS,2020-11-23,EW2,WB API
CAF,2014,0.069846,Level of water stress: freshwater withdrawal as a proportion of available freshwater resources,Central African Republic,"Food and Agriculture Organization, AQUASTAT data.",https://api.worldbank.org/v2/country/all/indicator/?indicator=ER.H2O.FWST.ZS,2020-11-23,EW2,WB API
TCD,2014,2.438931,Level of water stress: freshwater withdrawal as a proportion of available freshwater resources,Chad,"Food and Agriculture Organization, AQUASTAT data.",https://api.worldbank.org/v2/country/all/indicator/?indicator=ER.H2O.FWST.ZS,2020-11-23,EW2,WB API
CHL,2014,5.49702,Level of water stress: freshwater withdrawal as a proportion of available freshwater resources,Chile,"Food and Agriculture Organization, AQUASTAT data.",https://api.worldbank.org/v2/country/all/indicator/?indicator=ER.H2O.FWST.ZS,2020-11-23,EW2,WB API
CHN,2015,29.37877,Level of water stress: freshwater withdrawal as a proportion of available freshwater resources,China,"Food and Agriculture Organization, AQUASTAT data.",https://api.worldbank.org/v2/country/all/indicator/?indicator=ER.H2O.FWST.ZS,2020-11-23,EW2,WB API
CHN,2014,29.86,Level of water stress: freshwater withdrawal as a proportion of available freshwater resources,China,"Food and Agriculture Organization, AQUASTAT data.",https://api.worldbank.org/v2/country/all/indicator/?indicator=ER.H2O.FWST.ZS,2020-11-23,EW2,WB API
COL,2014,0.85575,Level of water stress: freshwater withdrawal as a proportion of available freshwater resources,Colombia,"Food and Agriculture Organization, AQUASTAT data.",https://api.worldbank.org/v2/country/all/indicator/?indicator=ER.H2O.FWST.ZS,2020-11-23,EW2,WB API
COM,2014,1.168125,Level of water stress: freshwater withdrawal as a proportion of available freshwater resources,Comoros,"Food and Agriculture Organization, AQUASTAT data.",https://api.worldbank.org/v2/country/all/indicator/?indicator=ER.H2O.FWST.ZS,2020-11-23,EW2,WB API
COD,2014,0.090419,Level of water stress: freshwater withdrawal as a proportion of available freshwater resources,"Congo, Dem. Rep.","Food and Agriculture Organization, AQUASTAT data.",https://api.worldbank.org/v2/country/all/indicator/?indicator=ER.H2O.FWST.ZS,2020-11-23,EW2,WB API
COG,2014,0.009141,Level of water stress: freshwater withdrawal as a proportion of available freshwater resources,"Congo, Rep.","Food and Agriculture Organization, AQUASTAT data.",https://api.worldbank.org/v2/country/all/indicator/?indicator=ER.H2O.FWST.ZS,2020-11-23,EW2,WB API
CRI,2014,3.064842,Level of water stress: freshwater withdrawal as a proportion of available freshwater resources,Costa Rica,"Food and Agriculture Organization, AQUASTAT data.",https://api.worldbank.org/v2/country/all/indicator/?indicator=ER.H2O.FWST.ZS,2020-11-23,EW2,WB API
CIV,2014,2.71436,Level of water stress: freshwater withdrawal as a proportion of available freshwater resources,Cote d'Ivoire,"Food and Agriculture Organization, AQUASTAT data.",https://api.worldbank.org/v2/country/all/indicator/?indicator=ER.H2O.FWST.ZS,2020-11-23,EW2,WB API
HRV,2014,0.978505,Level of water stress: freshwater withdrawal as a proportion of available freshwater resources,Croatia,"Food and Agriculture Organization, AQUASTAT data.",https://api.worldbank.org/v2/country/all/indicator/?indicator=ER.H2O.FWST.ZS,2020-11-23,EW2,WB API
CUB,2014,25.623349,Level of water stress: freshwater withdrawal as a proportion of available freshwater resources,Cuba,"Food and Agriculture Organization, AQUASTAT data.",https://api.worldbank.org/v2/country/all/indicator/?indicator=ER.H2O.FWST.ZS,2020-11-23,EW2,WB API
CYP,2014,37.638913,Level of water stress: freshwater withdrawal as a proportion of available freshwater resources,Cyprus,"Food and Agriculture Organization, AQUASTAT data.",https://api.worldbank.org/v2/country/all/indicator/?indicator=ER.H2O.FWST.ZS,2020-11-23,EW2,WB API
CZE,2014,23.992001,Level of water stress: freshwater withdrawal as a proportion of available freshwater resources,Czech Republic,"Food and Agriculture Organization, AQUASTAT data.",https://api.worldbank.org/v2/country/all/indicator/?indicator=ER.H2O.FWST.ZS,2020-11-23,EW2,WB API
DNK,2014,20.719166,Level of water stress: freshwater withdrawal as a proportion of available freshwater resources,Denmark,"Food and Agriculture Organization, AQUASTAT data.",https://api.worldbank.org/v2/country/all/indicator/?indicator=ER.H2O.FWST.ZS,2020-11-23,EW2,WB API
DJI,2014,7.899253,Level of water stress: freshwater withdrawal as a proportion of available freshwater resources,Djibouti,"Food and Agriculture Organization, AQUASTAT data.",https://api.worldbank.org/v2/country/all/indicator/?indicator=ER.H2O.FWST.ZS,2020-11-23,EW2,WB API
DMA,2014,10.0,Level of water stress: freshwater withdrawal as a proportion of available freshwater resources,Dominica,"Food and Agriculture Organization, AQUASTAT data.",https://api.worldbank.org/v2/country/all/indicator/?indicator=ER.H2O.FWST.ZS,2020-11-23,EW2,WB API
DOM,2014,43.730804,Level of water stress: freshwater withdrawal as a proportion of available freshwater resources,Dominican Republic,"Food and Agriculture Organization, AQUASTAT data.",https://api.worldbank.org/v2/country/all/indicator/?indicator=ER.H2O.FWST.ZS,2020-11-23,EW2,WB API
ECU,2014,3.736662,Level of water stress: freshwater withdrawal as a proportion of available freshwater resources,Ecuador,"Food and Agriculture Organization, AQUASTAT data.",https://api.worldbank.org/v2/country/all/indicator/?indicator=ER.H2O.FWST.ZS,2020-11-23,EW2,WB API
EGY,2014,159.851775,Level of water stress: freshwater withdrawal as a proportion of available freshwater resources,"Egypt, Arab Rep.","Food and Agriculture Organization, AQUASTAT data.",https://api.worldbank.org/v2/country/all/indicator/?indicator=ER.H2O.FWST.ZS,2020-11-23,EW2,WB API
SLV,2014,11.370042,Level of water stress: freshwater withdrawal as a proportion of available freshwater resources,El Salvador,"Food and Agriculture Organization, AQUASTAT data.",https://api.worldbank.org/v2/country/all/indicator/?indicator=ER.H2O.FWST.ZS,2020-11-23,EW2,WB API
GNQ,2014,0.101145,Level of water stress: freshwater withdrawal as a proportion of available freshwater resources,Equatorial Guinea,"Food and Agriculture Organization, AQUASTAT data.",https://api.worldbank.org/v2/country/all/indicator/?indicator=ER.H2O.FWST.ZS,2020-11-23,EW2,WB API
ERI,2014,10.106517,Level of water stress: freshwater withdrawal as a proportion of available freshwater resources,Eritrea,"Food and Agriculture Organization, AQUASTAT data.",https://api.worldbank.org/v2/country/all/indicator/?indicator=ER.H2O.FWST.ZS,2020-11-23,EW2,WB API
EST,2014,22.47646,Level of water stress: freshwater withdrawal as a proportion of available freshwater resources,Estonia,"Food and Agriculture Organization, AQUASTAT data.",https://api.worldbank.org/v2/country/all/indicator/?indicator=ER.H2O.FWST.ZS,2020-11-23,EW2,WB API
SWZ,2014,32.347334,Level of water stress: freshwater withdrawal as a proportion of available freshwater resources,Eswatini,"Food and Agriculture Organization, AQUASTAT data.",https://api.worldbank.org/v2/country/all/indicator/?indicator=ER.H2O.FWST.ZS,2020-11-23,EW2,WB API
ETH,2014,11.596806,Level of water stress: freshwater withdrawal as a proportion of available freshwater resources,Ethiopia,"Food and Agriculture Organization, AQUASTAT data.",https://api.worldbank.org/v2/country/all/indicator/?indicator=ER.H2O.FWST.ZS,2020-11-23,EW2,WB API
FJI,2014,0.450118,Level of water stress: freshwater withdrawal as a proportion of available freshwater resources,Fiji,"Food and Agriculture Organization, AQUASTAT data.",https://api.worldbank.org/v2/country/all/indicator/?indicator=ER.H2O.FWST.ZS,2020-11-23,EW2,WB API
FIN,2014,10.45443,Level of water stress: freshwater withdrawal as a proportion of available freshwater resources,Finland,"Food and Agriculture Organization, AQUASTAT data.",https://api.worldbank.org/v2/country/all/indicator/?indicator=ER.H2O.FWST.ZS,2020-11-23,EW2,WB API
FRA,2014,22.769665,Level of water stress: freshwater withdrawal as a proportion of available freshwater resources,France,"Food and Agriculture Organization, AQUASTAT data.",https://api.worldbank.org/v2/country/all/indicator/?indicator=ER.H2O.FWST.ZS,2020-11-23,EW2,WB API
GAB,2014,0.122306,Level of water stress: freshwater withdrawal as a proportion of available freshwater resources,Gabon,"Food and Agriculture Organization, AQUASTAT data.",https://api.worldbank.org/v2/country/all/indicator/?indicator=ER.H2O.FWST.ZS,2020-11-23,EW2,WB API
GMB,2014,1.450538,Level of water stress: freshwater withdrawal as a proportion of available freshwater resources,"Gambia, The","Food and Agriculture Organization, AQUASTAT data.",https://api.worldbank.org/v2/country/all/indicator/?indicator=ER.H2O.FWST.ZS,2020-11-23,EW2,WB API
GEO,2014,4.573511,Level of water stress: freshwater withdrawal as a proportion of available freshwater resources,Georgia,"Food and Agriculture Organization, AQUASTAT data.",https://api.worldbank.org/v2/country/all/indicator/?indicator=ER.H2O.FWST.ZS,2020-11-23,EW2,WB API
DEU,2014,41.460936,Level of water stress: freshwater withdrawal as a proportion of available freshwater resources,Germany,"Food and Agriculture Organization, AQUASTAT data.",https://api.worldbank.org/v2/country/all/indicator/?indicator=ER.H2O.FWST.ZS,2020-11-23,EW2,WB API
GHA,2014,2.786305,Level of water stress: freshwater withdrawal as a proportion of available freshwater resources,Ghana,"Food and Agriculture Organization, AQUASTAT data.",https://api.worldbank.org/v2/country/all/indicator/?indicator=ER.H2O.FWST.ZS,2020-11-23,EW2,WB API
GRC,2014,19.721428,Level of water stress: freshwater withdrawal as a proportion of available freshwater resources,Greece,"Food and Agriculture Organization, AQUASTAT data.",https://api.worldbank.org/v2/country/all/indicator/?indicator=ER.H2O.FWST.ZS,2020-11-23,EW2,WB API
GRD,2014,7.05,Level of water stress: freshwater withdrawal as a proportion of available freshwater resources,Grenada,"Food and Agriculture Organization, AQUASTAT data.",https://api.worldbank.org/v2/country/all/indicator/?indicator=ER.H2O.FWST.ZS,2020-11-23,EW2,WB API
GTM,2014,3.760442,Level of water stress: freshwater withdrawal as a proportion of available freshwater resources,Guatemala,"Food and Agriculture Organization, AQUASTAT data.",https://api.worldbank.org/v2/country/all/indicator/?indicator=ER.H2O.FWST.ZS,2020-11-23,EW2,WB API
GIN,2014,0.326563,Level of water stress: freshwater withdrawal as a proportion of available freshwater resources,Guinea,"Food and Agriculture Organization, AQUASTAT data.",https://api.worldbank.org/v2/country/all/indicator/?indicator=ER.H2O.FWST.ZS,2020-11-23,EW2,WB API
GNB,2014,0.71031,Level of water stress: freshwater withdrawal as a proportion of available freshwater resources,Guinea-Bissau,"Food and Agriculture Organization, AQUASTAT data.",https://api.worldbank.org/v2/country/all/indicator/?indicator=ER.H2O.FWST.ZS,2020-11-23,EW2,WB API
GUY,2014,0.861991,Level of water stress: freshwater withdrawal as a proportion of available freshwater resources,Guyana,"Food and Agriculture Organization, AQUASTAT data.",https://api.worldbank.org/v2/country/all/indicator/?indicator=ER.H2O.FWST.ZS,2020-11-23,EW2,WB API
HTI,2014,15.638471,Level of water stress: freshwater withdrawal as a proportion of available freshwater resources,Haiti,"Food and Agriculture Organization, AQUASTAT data.",https://api.worldbank.org/v2/country/all/indicator/?indicator=ER.H2O.FWST.ZS,2020-11-23,EW2,WB API
HND,2014,2.493881,Level of water stress: freshwater withdrawal as a proportion of available freshwater resources,Honduras,"Food and Agriculture Organization, AQUASTAT data.",https://api.worldbank.org/v2/country/all/indicator/?indicator=ER.H2O.FWST.ZS,2020-11-23,EW2,WB API
HUN,2014,8.204575,Level of water stress: freshwater withdrawal as a proportion of available freshwater resources,Hungary,"Food and Agriculture Organization, AQUASTAT data.",https://api.worldbank.org/v2/country/all/indicator/?indicator=ER.H2O.FWST.ZS,2020-11-23,EW2,WB API
ISL,2015,0.24416,Level of water stress: freshwater withdrawal as a proportion of available freshwater resources,Iceland,"Food and Agriculture Organization, AQUASTAT data.",https://api.worldbank.org/v2/country/all/indicator/?indicator=ER.H2O.FWST.ZS,2020-11-23,EW2,WB API
ISL,2014,2.64,Level of water stress: freshwater withdrawal as a proportion of available freshwater resources,Iceland,"Food and Agriculture Organization, AQUASTAT data.",https://api.worldbank.org/v2/country/all/indicator/?indicator=ER.H2O.FWST.ZS,2020-11-23,EW2,WB API
IND,2014,44.529409,Level of water stress: freshwater withdrawal as a proportion of available freshwater resources,India,"Food and Agriculture Organization, AQUASTAT data.",https://api.worldbank.org/v2/country/all/indicator/?indicator=ER.H2O.FWST.ZS,2020-11-23,EW2,WB API
IDN,2014,9.240649,Level of water stress: freshwater withdrawal as a proportion of available freshwater resources,Indonesia,"Food and Agriculture Organization, AQUASTAT data.",https://api.worldbank.org/v2/country/all/indicator/?indicator=ER.H2O.FWST.ZS,2020-11-23,EW2,WB API
IRN,2014,89.999635,Level of water stress: freshwater withdrawal as a proportion of available freshwater resources,"Iran, Islamic Rep.","Food and Agriculture Organization, AQUASTAT data.",https://api.worldbank.org/v2/country/all/indicator/?indicator=ER.H2O.FWST.ZS,2020-11-23,EW2,WB API
IRQ,2014,93.055189,Level of water stress: freshwater withdrawal as a proportion of available freshwater resources,Iraq,"Food and Agriculture Organization, AQUASTAT data.",https://api.worldbank.org/v2/country/all/indicator/?indicator=ER.H2O.FWST.ZS,2020-11-23,EW2,WB API
IRL,2014,2.379738,Level of water stress: freshwater withdrawal as a proportion of available freshwater resources,Ireland,"Food and Agriculture Organization, AQUASTAT data.",https://api.worldbank.org/v2/country/all/indicator/?indicator=ER.H2O.FWST.ZS,2020-11-23,EW2,WB API
ISR,2014,110.45037,Level of water stress: freshwater withdrawal as a proportion of available freshwater resources,Israel,"Food and Agriculture Organization, AQUASTAT data.",https://api.worldbank.org/v2/country/all/indicator/?indicator=ER.H2O.FWST.ZS,2020-11-23,EW2,WB API
ITA,2014,44.828613,Level of water stress: freshwater withdrawal as a proportion of available freshwater resources,Italy,"Food and Agriculture Organization, AQUASTAT data.",https://api.worldbank.org/v2/country/all/indicator/?indicator=ER.H2O.FWST.ZS,2020-11-23,EW2,WB API
JAM,2014,11.340697,Level of water stress: freshwater withdrawal as a proportion of available freshwater resources,Jamaica,"Food and Agriculture Organization, AQUASTAT data.",https://api.worldbank.org/v2/country/all/indicator/?indicator=ER.H2O.FWST.ZS,2020-11-23,EW2,WB API
JPN,2014,28.4538,Level of water stress: freshwater withdrawal as a proportion of available freshwater resources,Japan,"Food and Agriculture Organization, AQUASTAT data.",https://api.worldbank.org/v2/country/all/indicator/?indicator=ER.H2O.FWST.ZS,2020-11-23,EW2,WB API
JOR,2015,150.9042,Level of water stress: freshwater withdrawal as a proportion of available freshwater resources,Jordan,"Food and Agriculture Organization, AQUASTAT data.",https://api.worldbank.org/v2/country/all/indicator/?indicator=ER.H2O.FWST.ZS,2020-11-23,EW2,WB API
JOR,2014,118.4,Level of water stress: freshwater withdrawal as a proportion of available freshwater resources,Jordan,"Food and Agriculture Organization, AQUASTAT data.",https://api.worldbank.org/v2/country/all/indicator/?indicator=ER.H2O.FWST.ZS,2020-11-23,EW2,WB API
KAZ,2014,28.143919,Level of water stress: freshwater withdrawal as a proportion of available freshwater resources,Kazakhstan,"Food and Agriculture Organization, AQUASTAT data.",https://api.worldbank.org/v2/country/all/indicator/?indicator=ER.H2O.FWST.ZS,2020-11-23,EW2,WB API
KEN,2014,14.312592,Level of water stress: freshwater withdrawal as a proportion of available freshwater resources,Kenya,"Food and Agriculture Organization, AQUASTAT data.",https://api.worldbank.org/v2/country/all/indicator/?indicator=ER.H2O.FWST.ZS,2020-11-23,EW2,WB API
PRK,2014,15.933403,Level of water stress: freshwater withdrawal as a proportion of available freshwater resources,"Korea, Dem. Peopleâ€™s Rep.","Food and Agriculture Organization, AQUASTAT data.",https://api.worldbank.org/v2/country/all/indicator/?indicator=ER.H2O.FWST.ZS,2020-11-23,EW2,WB API
KOR,2014,57.584565,Level of water stress: freshwater withdrawal as a proportion of available freshwater resources,"Korea, Rep.","Food and Agriculture Organization, AQUASTAT data.",https://api.worldbank.org/v2/country/all/indicator/?indicator=ER.H2O.FWST.ZS,2020-11-23,EW2,WB API
KWT,2014,2603.487042,Level of water stress: freshwater withdrawal as a proportion of available freshwater resources,Kuwait,"Food and Agriculture Organization, AQUASTAT data.",https://api.worldbank.org/v2/country/all/indicator/?indicator=ER.H2O.FWST.ZS,2020-11-23,EW2,WB API
KGZ,2014,43.953537,Level of water stress: freshwater withdrawal as a proportion of available freshwater resources,Kyrgyz Republic,"Food and Agriculture Organization, AQUASTAT data.",https://api.worldbank.org/v2/country/all/indicator/?indicator=ER.H2O.FWST.ZS,2020-11-23,EW2,WB API
LAO,2014,1.392734,Level of water stress: freshwater withdrawal as a proportion of available freshwater resources,Lao PDR,"Food and Agriculture Organization, AQUASTAT data.",https://api.worldbank.org/v2/country/all/indicator/?indicator=ER.H2O.FWST.ZS,2020-11-23,EW2,WB API
LVA,2014,1.099899,Level of water stress: freshwater withdrawal as a proportion of available freshwater resources,Latvia,"Food and Agriculture Organization, AQUASTAT data.",https://api.worldbank.org/v2/country/all/indicator/?indicator=ER.H2O.FWST.ZS,2020-11-23,EW2,WB API
LBN,2014,33.284234,Level of water stress: freshwater withdrawal as a proportion of available freshwater resources,Lebanon,"Food and Agriculture Organization, AQUASTAT data.",https://api.worldbank.org/v2/country/all/indicator/?indicator=ER.H2O.FWST.ZS,2020-11-23,EW2,WB API
LSO,2014,2.133072,Level of water stress: freshwater withdrawal as a proportion of available freshwater resources,Lesotho,"Food and Agriculture Organization, AQUASTAT data.",https://api.worldbank.org/v2/country/all/indicator/?indicator=ER.H2O.FWST.ZS,2020-11-23,EW2,WB API
LBR,2014,0.078938,Level of water stress: freshwater withdrawal as a proportion of available freshwater resources,Liberia,"Food and Agriculture Organization, AQUASTAT data.",https://api.worldbank.org/v2/country/all/indicator/?indicator=ER.H2O.FWST.ZS,2020-11-23,EW2,WB API
LBY,2014,1071.995277,Level of water stress: freshwater withdrawal as a proportion of available freshwater resources,Libya,"Food and Agriculture Organization, AQUASTAT data.",https://api.worldbank.org/v2/country/all/indicator/?indicator=ER.H2O.FWST.ZS,2020-11-23,EW2,WB API
LTU,2014,3.971744,Level of water stress: freshwater withdrawal as a proportion of available freshwater resources,Lithuania,"Food and Agriculture Organization, AQUASTAT data.",https://api.worldbank.org/v2/country/all/indicator/?indicator=ER.H2O.FWST.ZS,2020-11-23,EW2,WB API
LUX,2014,2.462857,Level of water stress: freshwater withdrawal as a proportion of available freshwater resources,Luxembourg,"Food and Agriculture Organization, AQUASTAT data.",https://api.worldbank.org/v2/country/all/indicator/?indicator=ER.H2O.FWST.ZS,2020-11-23,EW2,WB API
MDG,2014,5.758778,Level of water stress: freshwater withdrawal as a proportion of available freshwater resources,Madagascar,"Food and Agriculture Organization, AQUASTAT data.",https://api.worldbank.org/v2/country/all/indicator/?indicator=ER.H2O.FWST.ZS,2020-11-23,EW2,WB API
MWI,2014,11.077864,Level of water stress: freshwater withdrawal as a proportion of available freshwater resources,Malawi,"Food and Agriculture Organization, AQUASTAT data.",https://api.worldbank.org/v2/country/all/indicator/?indicator=ER.H2O.FWST.ZS,2020-11-23,EW2,WB API
MYS,2014,3.411505,Level of water stress: freshwater withdrawal as a proportion of available freshwater resources,Malaysia,"Food and Agriculture Organization, AQUASTAT data.",https://api.worldbank.org/v2/country/all/indicator/?indicator=ER.H2O.FWST.ZS,2020-11-23,EW2,WB API
MDV,2014,15.666667,Level of water stress: freshwater withdrawal as a proportion of available freshwater resources,Maldives,"Food and Agriculture Organization, AQUASTAT data.",https://api.worldbank.org/v2/country/all/indicator/?indicator=ER.H2O.FWST.ZS,2020-11-23,EW2,WB API
MLI,2014,5.820419,Level of water stress: freshwater withdrawal as a proportion of available freshwater resources,Mali,"Food and Agriculture Organization, AQUASTAT data.",https://api.worldbank.org/v2/country/all/indicator/?indicator=ER.H2O.FWST.ZS,2020-11-23,EW2,WB API
MLT,2014,44.356436,Level of water stress: freshwater withdrawal as a proportion of available freshwater resources,Malta,"Food and Agriculture Organization, AQUASTAT data.",https://api.worldbank.org/v2/country/all/indicator/?indicator=ER.H2O.FWST.ZS,2020-11-23,EW2,WB API
MRT,2014,15.859058,Level of water stress: freshwater withdrawal as a proportion of available freshwater resources,Mauritania,"Food and Agriculture Organization, AQUASTAT data.",https://api.worldbank.org/v2/country/all/indicator/?indicator=ER.H2O.FWST.ZS,2020-11-23,EW2,WB API
MUS,2014,26.354053,Level of water stress: freshwater withdrawal as a proportion of available freshwater resources,Mauritius,"Food and Agriculture Organization, AQUASTAT data.",https://api.worldbank.org/v2/country/all/indicator/?indicator=ER.H2O.FWST.ZS,2020-11-23,EW2,WB API
MEX,2015,25.9429,Level of water stress: freshwater withdrawal as a proportion of available freshwater resources,Mexico,"Food and Agriculture Organization, AQUASTAT data.",https://api.worldbank.org/v2/country/all/indicator/?indicator=ER.H2O.FWST.ZS,2020-11-23,EW2,WB API
MEX,2014,24.07,Level of water stress: freshwater withdrawal as a proportion of available freshwater resources,Mexico,"Food and Agriculture Organization, AQUASTAT data.",https://api.worldbank.org/v2/country/all/indicator/?indicator=ER.H2O.FWST.ZS,2020-11-23,EW2,WB API
MDA,2014,13.215526,Level of water stress: freshwater withdrawal as a proportion of available freshwater resources,Moldova,"Food and Agriculture Organization, AQUASTAT data.",https://api.worldbank.org/v2/country/all/indicator/?indicator=ER.H2O.FWST.ZS,2020-11-23,EW2,WB API
MNG,2014,2.425234,Level of water stress: freshwater withdrawal as a proportion of available freshwater resources,Mongolia,"Food and Agriculture Organization, AQUASTAT data.",https://api.worldbank.org/v2/country/all/indicator/?indicator=ER.H2O.FWST.ZS,2020-11-23,EW2,WB API
MAR,2014,49.035702,Level of water stress: freshwater withdrawal as a proportion of available freshwater resources,Morocco,"Food and Agriculture Organization, AQUASTAT data.",https://api.worldbank.org/v2/country/all/indicator/?indicator=ER.H2O.FWST.ZS,2020-11-23,EW2,WB API
MOZ,2014,0.927968,Level of water stress: freshwater withdrawal as a proportion of available freshwater resources,Mozambique,"Food and Agriculture Organization, AQUASTAT data.",https://api.worldbank.org/v2/country/all/indicator/?indicator=ER.H2O.FWST.ZS,2020-11-23,EW2,WB API
MMR,2014,3.70384,Level of water stress: freshwater withdrawal as a proportion of available freshwater resources,Myanmar,"Food and Agriculture Organization, AQUASTAT data.",https://api.worldbank.org/v2/country/all/indicator/?indicator=ER.H2O.FWST.ZS,2020-11-23,EW2,WB API
NAM,2014,0.93446,Level of water stress: freshwater withdrawal as a proportion of available freshwater resources,Namibia,"Food and Agriculture Organization, AQUASTAT data.",https://api.worldbank.org/v2/country/all/indicator/?indicator=ER.H2O.FWST.ZS,2020-11-23,EW2,WB API
NPL,2014,5.860593,Level of water stress: freshwater withdrawal as a proportion of available freshwater resources,Nepal,"Food and Agriculture Organization, AQUASTAT data.",https://api.worldbank.org/v2/country/all/indicator/?indicator=ER.H2O.FWST.ZS,2020-11-23,EW2,WB API
NLD,2014,21.07981,Level of water stress: freshwater withdrawal as a proportion of available freshwater resources,Netherlands,"Food and Agriculture Organization, AQUASTAT data.",https://api.worldbank.org/v2/country/all/indicator/?indicator=ER.H2O.FWST.ZS,2020-11-23,EW2,WB API
NZL,2014,2.74631,Level of water stress: freshwater withdrawal as a proportion of available freshwater resources,New Zealand,"Food and Agriculture Organization, AQUASTAT data.",https://api.worldbank.org/v2/country/all/indicator/?indicator=ER.H2O.FWST.ZS,2020-11-23,EW2,WB API
NIC,2014,1.348507,Level of water stress: freshwater withdrawal as a proportion of available freshwater resources,Nicaragua,"Food and Agriculture Organization, AQUASTAT data.",https://api.worldbank.org/v2/country/all/indicator/?indicator=ER.H2O.FWST.ZS,2020-11-23,EW2,WB API
NER,2014,3.748312,Level of water stress: freshwater withdrawal as a proportion of available freshwater resources,Niger,"Food and Agriculture Organization, AQUASTAT data.",https://api.worldbank.org/v2/country/all/indicator/?indicator=ER.H2O.FWST.ZS,2020-11-23,EW2,WB API
NGA,2014,5.827897,Level of water stress: freshwater withdrawal as a proportion of available freshwater resources,Nigeria,"Food and Agriculture Organization, AQUASTAT data.",https://api.worldbank.org/v2/country/all/indicator/?indicator=ER.H2O.FWST.ZS,2020-11-23,EW2,WB API
MKD,2014,13.182344,Level of water stress: freshwater withdrawal as a proportion of available freshwater resources,North Macedonia,"Food and Agriculture Organization, AQUASTAT data.",https://api.worldbank.org/v2/country/all/indicator/?indicator=ER.H2O.FWST.ZS,2020-11-23,EW2,WB API
NOR,2014,1.148931,Level of water stress: freshwater withdrawal as a proportion of available freshwater resources,Norway,"Food and Agriculture Organization, AQUASTAT data.",https://api.worldbank.org/v2/country/all/indicator/?indicator=ER.H2O.FWST.ZS,2020-11-23,EW2,WB API
OMN,2014,106.231736,Level of water stress: freshwater withdrawal as a proportion of available freshwater resources,Oman,"Food and Agriculture Organization, AQUASTAT data.",https://api.worldbank.org/v2/country/all/indicator/?indicator=ER.H2O.FWST.ZS,2020-11-23,EW2,WB API
PAK,2014,102.500488,Level of water stress: freshwater withdrawal as a proportion of available freshwater resources,Pakistan,"Food and Agriculture Organization, AQUASTAT data.",https://api.worldbank.org/v2/country/all/indicator/?indicator=ER.H2O.FWST.ZS,2020-11-23,EW2,WB API
PAN,2014,1.049281,Level of water stress: freshwater withdrawal as a proportion of available freshwater resources,Panama,"Food and Agriculture Organization, AQUASTAT data.",https://api.worldbank.org/v2/country/all/indicator/?indicator=ER.H2O.FWST.ZS,2020-11-23,EW2,WB API
PNG,2014,0.088169,Level of water stress: freshwater withdrawal as a proportion of available freshwater resources,Papua New Guinea,"Food and Agriculture Organization, AQUASTAT data.",https://api.worldbank.org/v2/country/all/indicator/?indicator=ER.H2O.FWST.ZS,2020-11-23,EW2,WB API
PRY,2014,0.933105,Level of water stress: freshwater withdrawal as a proportion of available freshwater resources,Paraguay,"Food and Agriculture Organization, AQUASTAT data.",https://api.worldbank.org/v2/country/all/indicator/?indicator=ER.H2O.FWST.ZS,2020-11-23,EW2,WB API
PER,2014,1.161169,Level of water stress: freshwater withdrawal as a proportion of available freshwater resources,Peru,"Food and Agriculture Organization, AQUASTAT data.",https://api.worldbank.org/v2/country/all/indicator/?indicator=ER.H2O.FWST.ZS,2020-11-23,EW2,WB API
PHL,2014,25.050042,Level of water stress: freshwater withdrawal as a proportion of available freshwater resources,Philippines,"Food and Agriculture Organization, AQUASTAT data.",https://api.worldbank.org/v2/country/all/indicator/?indicator=ER.H2O.FWST.ZS,2020-11-23,EW2,WB API
POL,2014,37.787668,Level of water stress: freshwater withdrawal as a proportion of available freshwater resources,Poland,"Food and Agriculture Organization, AQUASTAT data.",https://api.worldbank.org/v2/country/all/indicator/?indicator=ER.H2O.FWST.ZS,2020-11-23,EW2,WB API
PRT,2014,17.050567,Level of water stress: freshwater withdrawal as a proportion of available freshwater resources,Portugal,"Food and Agriculture Organization, AQUASTAT data.",https://api.worldbank.org/v2/country/all/indicator/?indicator=ER.H2O.FWST.ZS,2020-11-23,EW2,WB API
PRI,2014,21.2749,Level of water stress: freshwater withdrawal as a proportion of available freshwater resources,Puerto Rico,"Food and Agriculture Organization, AQUASTAT data.",https://api.worldbank.org/v2/country/all/indicator/?indicator=ER.H2O.FWST.ZS,2020-11-23,EW2,WB API
QAT,2014,472.53599,Level of water stress: freshwater withdrawal as a proportion of available freshwater resources,Qatar,"Food and Agriculture Organization, AQUASTAT data.",https://api.worldbank.org/v2/country/all/indicator/?indicator=ER.H2O.FWST.ZS,2020-11-23,EW2,WB API
ROU,2014,5.098177,Level of water stress: freshwater withdrawal as a proportion of available freshwater resources,Romania,"Food and Agriculture Organization, AQUASTAT data.",https://api.worldbank.org/v2/country/all/indicator/?indicator=ER.H2O.FWST.ZS,2020-11-23,EW2,WB API
RUS,2014,2.008358,Level of water stress: freshwater withdrawal as a proportion of available freshwater resources,Russian Federation,"Food and Agriculture Organization, AQUASTAT data.",https://api.worldbank.org/v2/country/all/indicator/?indicator=ER.H2O.FWST.ZS,2020-11-23,EW2,WB API
RWA,2014,1.443692,Level of water stress: freshwater withdrawal as a proportion of available freshwater resources,Rwanda,"Food and Agriculture Organization, AQUASTAT data.",https://api.worldbank.org/v2/country/all/indicator/?indicator=ER.H2O.FWST.ZS,2020-11-23,EW2,WB API
STP,2014,0.460033,Level of water stress: freshwater withdrawal as a proportion of available freshwater resources,Sao Tome and Principe,"Food and Agriculture Organization, AQUASTAT data.",https://api.worldbank.org/v2/country/all/indicator/?indicator=ER.H2O.FWST.ZS,2020-11-23,EW2,WB API
SAU,2014,1242.637483,Level of water stress: freshwater withdrawal as a proportion of available freshwater resources,Saudi Arabia,"Food and Agriculture Organization, AQUASTAT data.",https://api.worldbank.org/v2/country/all/indicator/?indicator=ER.H2O.FWST.ZS,2020-11-23,EW2,WB API
SEN,2014,7.232797,Level of water stress: freshwater withdrawal as a proportion of available freshwater resources,Senegal,"Food and Agriculture Organization, AQUASTAT data.",https://api.worldbank.org/v2/country/all/indicator/?indicator=ER.H2O.FWST.ZS,2020-11-23,EW2,WB API
SRB,2014,4.278044,Level of water stress: freshwater withdrawal as a proportion of available freshwater resources,Serbia,"Food and Agriculture Organization, AQUASTAT data.",https://api.worldbank.org/v2/country/all/indicator/?indicator=ER.H2O.FWST.ZS,2020-11-23,EW2,WB API
SLE,2014,0.177541,Level of water stress: freshwater withdrawal as a proportion of available freshwater resources,Sierra Leone,"Food and Agriculture Organization, AQUASTAT data.",https://api.worldbank.org/v2/country/all/indicator/?indicator=ER.H2O.FWST.ZS,2020-11-23,EW2,WB API
SGP,2014,31.666667,Level of water stress: freshwater withdrawal as a proportion of available freshwater resources,Singapore,"Food and Agriculture Organization, AQUASTAT data.",https://api.worldbank.org/v2/country/all/indicator/?indicator=ER.H2O.FWST.ZS,2020-11-23,EW2,WB API
SVK,2014,1.908712,Level of water stress: freshwater withdrawal as a proportion of available freshwater resources,Slovak Republic,"Food and Agriculture Organization, AQUASTAT data.",https://api.worldbank.org/v2/country/all/indicator/?indicator=ER.H2O.FWST.ZS,2020-11-23,EW2,WB API
SVN,2014,6.127563,Level of water stress: freshwater withdrawal as a proportion of available freshwater resources,Slovenia,"Food and Agriculture Organization, AQUASTAT data.",https://api.worldbank.org/v2/country/all/indicator/?indicator=ER.H2O.FWST.ZS,2020-11-23,EW2,WB API
SLB,2014,0.0,Level of water stress: freshwater withdrawal as a proportion of available freshwater resources,Solomon Islands,"Food and Agriculture Organization, AQUASTAT data.",https://api.worldbank.org/v2/country/all/indicator/?indicator=ER.H2O.FWST.ZS,2020-11-23,EW2,WB API
SOM,2014,30.33607,Level of water stress: freshwater withdrawal as a proportion of available freshwater resources,Somalia,"Food and Agriculture Organization, AQUASTAT data.",https://api.worldbank.org/v2/country/all/indicator/?indicator=ER.H2O.FWST.ZS,2020-11-23,EW2,WB API
ZAF,2014,42.915441,Level of water stress: freshwater withdrawal as a proportion of available freshwater resources,South Africa,"Food and Agriculture Organization, AQUASTAT data.",https://api.worldbank.org/v2/country/all/indicator/?indicator=ER.H2O.FWST.ZS,2020-11-23,EW2,WB API
SSD,2014,1.329293,Level of water stress: freshwater withdrawal as a proportion of available freshwater resources,South Sudan,"Food and Agriculture Organization, AQUASTAT data.",https://api.worldbank.org/v2/country/all/indicator/?indicator=ER.H2O.FWST.ZS,2020-11-23,EW2,WB API
ESP,2014,49.651848,Level of water stress: freshwater withdrawal as a proportion of available freshwater resources,Spain,"Food and Agriculture Organization, AQUASTAT data.",https://api.worldbank.org/v2/country/all/indicator/?indicator=ER.H2O.FWST.ZS,2020-11-23,EW2,WB API
LKA,2014,34.076768,Level of water stress: freshwater withdrawal as a proportion of available freshwater resources,Sri Lanka,"Food and Agriculture Organization, AQUASTAT data.",https://api.worldbank.org/v2/country/all/indicator/?indicator=ER.H2O.FWST.ZS,2020-11-23,EW2,WB API
KNA,2014,51.25,Level of water stress: freshwater withdrawal as a proportion of available freshwater resources,St. Kitts and Nevis,"Food and Agriculture Organization, AQUASTAT data.",https://api.worldbank.org/v2/country/all/indicator/?indicator=ER.H2O.FWST.ZS,2020-11-23,EW2,WB API
LCA,2014,14.3,Level of water stress: freshwater withdrawal as a proportion of available freshwater resources,St. Lucia,"Food and Agriculture Organization, AQUASTAT data.",https://api.worldbank.org/v2/country/all/indicator/?indicator=ER.H2O.FWST.ZS,2020-11-23,EW2,WB API
VCT,2014,11.178196,Level of water stress: freshwater withdrawal as a proportion of available freshwater resources,St. Vincent and the Grenadines,"Food and Agriculture Organization, AQUASTAT data.",https://api.worldbank.org/v2/country/all/indicator/?indicator=ER.H2O.FWST.ZS,2020-11-23,EW2,WB API
SDN,2014,93.669567,Level of water stress: freshwater withdrawal as a proportion of available freshwater resources,Sudan,"Food and Agriculture Organization, AQUASTAT data.",https://api.worldbank.org/v2/country/all/indicator/?indicator=ER.H2O.FWST.ZS,2020-11-23,EW2,WB API
SUR,2014,0.956564,Level of water stress: freshwater withdrawal as a proportion of available freshwater resources,Suriname,"Food and Agriculture Organization, AQUASTAT data.",https://api.worldbank.org/v2/country/all/indicator/?indicator=ER.H2O.FWST.ZS,2020-11-23,EW2,WB API
SWE,2014,2.876045,Level of water stress: freshwater withdrawal as a proportion of available freshwater resources,Sweden,"Food and Agriculture Organization, AQUASTAT data.",https://api.worldbank.org/v2/country/all/indicator/?indicator=ER.H2O.FWST.ZS,2020-11-23,EW2,WB API
CHE,2014,7.373763,Level of water stress: freshwater withdrawal as a proportion of available freshwater resources,Switzerland,"Food and Agriculture Organization, AQUASTAT data.",https://api.worldbank.org/v2/country/all/indicator/?indicator=ER.H2O.FWST.ZS,2020-11-23,EW2,WB API
SYR,2014,109.407816,Level of water stress: freshwater withdrawal as a proportion of available freshwater resources,Syrian Arab Republic,"Food and Agriculture Organization, AQUASTAT data.",https://api.worldbank.org/v2/country/all/indicator/?indicator=ER.H2O.FWST.ZS,2020-11-23,EW2,WB API
TJK,2014,71.354123,Level of water stress: freshwater withdrawal as a proportion of available freshwater resources,Tajikistan,"Food and Agriculture Organization, AQUASTAT data.",https://api.worldbank.org/v2/country/all/indicator/?indicator=ER.H2O.FWST.ZS,2020-11-23,EW2,WB API
TZA,2014,7.447489,Level of water stress: freshwater withdrawal as a proportion of available freshwater resources,Tanzania,"Food and Agriculture Organization, AQUASTAT data.",https://api.worldbank.org/v2/country/all/indicator/?indicator=ER.H2O.FWST.ZS,2020-11-23,EW2,WB API
THA,2014,17.488838,Level of water stress: freshwater withdrawal as a proportion of available freshwater resources,Thailand,"Food and Agriculture Organization, AQUASTAT data.",https://api.worldbank.org/v2/country/all/indicator/?indicator=ER.H2O.FWST.ZS,2020-11-23,EW2,WB API
TLS,2014,14.266586,Level of water stress: freshwater withdrawal as a proportion of available freshwater resources,Timor-Leste,"Food and Agriculture Organization, AQUASTAT data.",https://api.worldbank.org/v2/country/all/indicator/?indicator=ER.H2O.FWST.ZS,2020-11-23,EW2,WB API
TGO,2014,1.774125,Level of water stress: freshwater withdrawal as a proportion of available freshwater resources,Togo,"Food and Agriculture Organization, AQUASTAT data.",https://api.worldbank.org/v2/country/all/indicator/?indicator=ER.H2O.FWST.ZS,2020-11-23,EW2,WB API
TTO,2014,12.332322,Level of water stress: freshwater withdrawal as a proportion of available freshwater resources,Trinidad and Tobago,"Food and Agriculture Organization, AQUASTAT data.",https://api.worldbank.org/v2/country/all/indicator/?indicator=ER.H2O.FWST.ZS,2020-11-23,EW2,WB API
TUN,2014,94.008733,Level of water stress: freshwater withdrawal as a proportion of available freshwater resources,Tunisia,"Food and Agriculture Organization, AQUASTAT data.",https://api.worldbank.org/v2/country/all/indicator/?indicator=ER.H2O.FWST.ZS,2020-11-23,EW2,WB API
TUR,2014,27.489558,Level of water stress: freshwater withdrawal as a proportion of available freshwater resources,Turkey,"Food and Agriculture Organization, AQUASTAT data.",https://api.worldbank.org/v2/country/all/indicator/?indicator=ER.H2O.FWST.ZS,2020-11-23,EW2,WB API
TKM,2014,162.83132,Level of water stress: freshwater withdrawal as a proportion of available freshwater resources,Turkmenistan,"Food and Agriculture Organization, AQUASTAT data.",https://api.worldbank.org/v2/country/all/indicator/?indicator=ER.H2O.FWST.ZS,2020-11-23,EW2,WB API
UGA,2014,1.331451,Level of water stress: freshwater withdrawal as a proportion of available freshwater resources,Uganda,"Food and Agriculture Organization, AQUASTAT data.",https://api.worldbank.org/v2/country/all/indicator/?indicator=ER.H2O.FWST.ZS,2020-11-23,EW2,WB API
UKR,2014,13.905757,Level of water stress: freshwater withdrawal as a proportion of available freshwater resources,Ukraine,"Food and Agriculture Organization, AQUASTAT data.",https://api.worldbank.org/v2/country/all/indicator/?indicator=ER.H2O.FWST.ZS,2020-11-23,EW2,WB API
ARE,2014,2346.455888,Level of water stress: freshwater withdrawal as a proportion of available freshwater resources,United Arab Emirates,"Food and Agriculture Organization, AQUASTAT data.",https://api.worldbank.org/v2/country/all/indicator/?indicator=ER.H2O.FWST.ZS,2020-11-23,EW2,WB API
GBR,2014,9.673288,Level of water stress: freshwater withdrawal as a proportion of available freshwater resources,United Kingdom,"Food and Agriculture Organization, AQUASTAT data.",https://api.worldbank.org/v2/country/all/indicator/?indicator=ER.H2O.FWST.ZS,2020-11-23,EW2,WB API
USA,2014,22.609486,Level of water stress: freshwater withdrawal as a proportion of available freshwater resources,United States,"Food and Agriculture Organization, AQUASTAT data.",https://api.worldbank.org/v2/country/all/indicator/?indicator=ER.H2O.FWST.ZS,2020-11-23,EW2,WB API
URY,2014,3.522683,Level of water stress: freshwater withdrawal as a proportion of available freshwater resources,Uruguay,"Food and Agriculture Organization, AQUASTAT data.",https://api.worldbank.org/v2/country/all/indicator/?indicator=ER.H2O.FWST.ZS,2020-11-23,EW2,WB API
UZB,2014,138.819613,Level of water stress: freshwater withdrawal as a proportion of available freshwater resources,Uzbekistan,"Food and Agriculture Organization, AQUASTAT data.",https://api.worldbank.org/v2/country/all/indicator/?indicator=ER.H2O.FWST.ZS,2020-11-23,EW2,WB API
VUT,2014,0.0,Level of water stress: freshwater withdrawal as a proportion of available freshwater resources,Vanuatu,"Food and Agriculture Organization, AQUASTAT data.",https://api.worldbank.org/v2/country/all/indicator/?indicator=ER.H2O.FWST.ZS,2020-11-23,EW2,WB API
VEN,2014,2.579149,Level of water stress: freshwater withdrawal as a proportion of available freshwater resources,"Venezuela, RB","Food and Agriculture Organization, AQUASTAT data.",https://api.worldbank.org/v2/country/all/indicator/?indicator=ER.H2O.FWST.ZS,2020-11-23,EW2,WB API
VNM,2014,12.789318,Level of water stress: freshwater withdrawal as a proportion of available freshwater resources,Vietnam,"Food and Agriculture Organization, AQUASTAT data.",https://api.worldbank.org/v2/country/all/indicator/?indicator=ER.H2O.FWST.ZS,2020-11-23,EW2,WB API
PSE,2014,48.74552,Level of water stress: freshwater withdrawal as a proportion of available freshwater resources,West Bank and Gaza,"Food and Agriculture Organization, AQUASTAT data.",https://api.worldbank.org/v2/country/all/indicator/?indicator=ER.H2O.FWST.ZS,2020-11-23,EW2,WB API
YEM,2014,227.681387,Level of water stress: freshwater withdrawal as a proportion of available freshwater resources,"Yemen, Rep.","Food and Agriculture Organization, AQUASTAT data.",https://api.worldbank.org/v2/country/all/indicator/?indicator=ER.H2O.FWST.ZS,2020-11-23,EW2,WB API
ZMB,2014,2.144046,Level of water stress: freshwater withdrawal as a proportion of available freshwater resources,Zambia,"Food and Agriculture Organization, AQUASTAT data.",https://api.worldbank.org/v2/country/all/indicator/?indicator=ER.H2O.FWST.ZS,2020-11-23,EW2,WB API
ZWE,2014,24.287928,Level of water stress: freshwater withdrawal as a proportion of available freshwater resources,Zimbabwe,"Food and Agriculture Organization, AQUASTAT data.",https://api.worldbank.org/v2/country/all/indicator/?indicator=ER.H2O.FWST.ZS,2020-11-23,EW2,WB API
